name,value
London,41
Party,18
Bank,17
Day,16
Holiday,15
Live,14
Free,13
Present,13
Night,13
Health,11
Event,10
Launch,10
Art,9
Special,9
Talk,8
Session,8
Open,8
Summer,7
World,7
Film,7
Fair,6
Concert,6
Series,6
Network,6
Exhibition,6
Conference,6
Soul,6
Conversation,5
Lecture,5
First,5
Pm,5
Celebration,5
Up,5
Business,5
Investing,5
Showcase,5
Future,5
Friday,5
Club,5
Women's,5
Sunday,5
Screening,5
Class,5
Book,4
Anniversary,4
Evening,4
Seminar,4
New,4
St,4
Meet,4
Pitch,4
Friends,4
Professor,4
Black,4
Building,4
Tech,4
Festival,4
Ramadan,4
Comedy,4
Carnival,4
Saturday,4
Training,3
Football,3
Funds,3
Creative,3
Power,3
Garden,3
Park,3
Ucl,3
Women,3
Bar,3
Design,3
Late,3
Culture,3
Introduction,3
Artist,3
Square,3
Vibe,3
Two,3
Dream,3
Beyond,3
Music,3
Age,3
School,3
Kate,3
Experience,3
African,3
People,3
South,3
Social,3
Research,3
Years,3
Conscious,3
Pre,3
International,3
Beer,3
Birthday,3
De,3
House,3
Young,3
Pickle,3
Factory,3
Disco,3
Hackney,3
Reggaeton,3
Vs,3
Band,3
Season,3
Paint,3
Grace,3
Monday,3
Cluster,2
Craft,2
Hour,2
Taster,2
View,2
'the,2
Revolution,2
General,2
Luxury,2
Raise,2
Ocean,2
Industry,2
Central,2
Assessment,2
Brand,2
European,2
Blockchain,2
Investor,2
Covent,2
Mental,2
Educational,2
Dynamic,2
Wpff,2
Baileys,2
Imperial,2
Julian,2
Museum,2
Shop,2
Managers,2
Workshop,2
Panel,2
Island,2
Uk,2
Part,2
Founder,2
Offchain,2
Rise,2
Space,2
Race,2
Success,2
Look,2
Sutton,2
Esther,2
Movie,2
Awards,2
System,2
Big,2
Gallery,2
Good,2
Membership,2
Body,2
Change,2
Golden,2
Condé,2
Nast,2
Brides,2
Tale,2
China,2
Law,2
Annual,2
Peter,2
Horizon,2
Speech,2
Language,2
Therapy,2
White,2
Exploring,2
Work,2
Summit,2
Love,2
Sale,2
Hip,2
Hop,2
Ldn,2
Dinner,2
Somaliland,2
Charity,2
Congress,2
Key,2
Vegan,2
Jazz,2
Rd,2
Leicester,2
Forum,2
Time,2
History,2
Collins,2
Ep,2
Three,2
Light,2
Classics,2
London's,2
Fire,2
Omnia,2
Brixton,2
Motown,2
Dance,2
Sound,2
Vivaldi,2
Four,2
Supa,2
Dupa,2
Fly,2
Accelerate,2
Br,2
Tour,2
Rhapsody,2
Nation,2
Job,2
Hits,2
Spring,2
Edition,2
Innovation,2
Piece,2
Perform,2
Shoreditch,2
Afrobeat,2
Apostle,2
Lubega,2
Dj,2
Total,2
Bounceout,2
Acton,2
Meditation,2
Patrick,2
Isaacs,2
Circle,2
Stanley,2
Kwan,2
Cinco,2
Mayo,2
Beauty,2
Sadar,2
Bahar,2
Long,2
Family,2
Handel,2
Rooftop,2
Sip,2
'n,2
Stroke,2
Urban,2
Pop,2
Bath,2
Course,2
Cookery,2
Make,2
Competition,2
Royal,2
Caribbean,2
Services,2
Perspective,2
Giles,2
Coren,2
Healthy,2
Impact,2
Pharmacy,1
Inspect,1
Uninspected,1
Boxpark,1
Nadia,1
Jae,1
Schedule,1
Illustration,1
Argentine,1
Tango,1
Beginners,1
Trailwalker,1
Prep,1
Calmer,1
Easier,1
Happier,1
Boys,1
Noël,1
Janis,1
Norton,1
Borderlands,1
Hub,1
Dot,1
You',1
Within,1
Roy,1
Foster,1
Bbc,1
Hilton,1
Center,1
India,1
Soft,1
Evolution,1
Elizabeth,1
Macneal,1
Beulah,1
Laura,1
Cathcart,1
Ascot,1
Resilience,1
Talent,1
Unlimited,1
Aleksandar,1
Pavlovic,1
Eunsley,1
Ilya,1
Kondratiev,1
Decolonising,1
Pedagogies,1
Conspiring,1
Transformation,1
Truth,1
Tellers,1
Clinical,1
Psychology,1
Hope,1
Panic,1
Lessons,1
Ipcc,1
Report,1
Writers,1
Revisited,1
Trial,1
Assange,1
Traverse,1
Opm,1
Dialogue,1
Pakistan's,1
Best,1
Kept,1
Secret,1
Lahore,1
Debra,1
Diamond,1
Yoginis,1
Visual,1
Institue,1
Archaeology,1
Graduate,1
Uclms,1
Facilities,1
Profession,1
Expect,1
Chargedup,1
Head,1
Driver,1
Autonomy,1
Commerce,1
Russia,1
Peredvizhniki,1
Partnership,1
Circuit,1
Monthly,1
Connection,1
Endocrine,1
Reverse,1
Mentoring,1
Le,1
Wagon,1
Zach,1
Grosser,1
Formerly,1
Figma,1
Village,1
Goose,1
Nme,1
Radar,1
Bfi,1
Opportunities,1
Insight,1
Blockpass,1
Leverage,1
Fintech,1
Seed,1
Trends,1
Funders,1
Bitcoin,1
Ethereum,1
Tezos,1
Dev,1
Deep,1
Dive,1
Invaders,1
Manifest,1
Ethnicity,1
Bame,1
Path,1
Top,1
Team,1
Marketing,1
Cancer,1
Cepn,1
Macmillan,1
Nicky,1
Blackmarket,1
Buy,1
Letcars,1
Interview,1
God,1
Second,1
Londonadass,1
Dementia,1
Awareness,1
Epica,1
Rethinking,1
Kenji,1
Shibuya,1
Bellenden,1
Rbe,1
Dan,1
Hillier,1
Klub,1
Kids,1
Burlesque,1
Early,1
Show,1
Feel,1
Stories,1
Roche,1
Senior,1
Schools',1
Watson,1
Smyth,1
Tile,1
Lindsey,1
Lang,1
Excellence,1
Devops,1
Facebook,1
Medical,1
Apartheid,1
Ignored,1
Giant,1
Tap,1
Gaming,1
Parenting,1
Wojcicki,1
Reviving,1
Bogdan,1
Văcărescu,1
Jacobson,1
Enescu,1
Hang,1
Invite,1
Burlington,1
Arcade,1
Guitar,1
Cities,1
Ybtn,1
Teacher,1
Child,1
Restoring,1
Artemisia,1
Larry,1
Keith,1
Korean,1
Wf,1
Centenary,1
Satellites,1
Ships,1
Sea,1
Triangirls,1
Burnout,1
Worth,1
Search,1
Longevity,1
Dividend,1
Public,1
Palestine,1
Still,1
Issue,1
Birkbeck,1
Department,1
Goodrich,1
Driving,1
Data,1
Technology,1
Government,1
Bad,1
Ugly,1
Now,1
Blindfolded,1
Vr,1
Sono,1
Spatial,1
Notational,1
Factor,1
Regional,1
Final,1
Lcif,1
Putting,1
Practice,1
Brexit,1
Apocalypse,1
Psychosis,1
Through,1
Glug,1
Thinking,1
'futurama',1
Reception,1
Futuresnds,1
Eat,1
Resident,1
Female,1
Creators,1
Advocates,1
Air,1
Mining,1
Capital,1
Nd,1
Agency,1
Owners,1
Hate,1
Paul's,1
Cathedral,1
Fantastic,1
Feats,1
Organ,1
Winegb,1
Agm,1
Members',1
Karaoke,1
Sisters,1
Gathering,1
Tf,1
Unite,1
Orphans,1
Welcome,1
Mambo,1
City's,1
Star,1
Lco,1
Junction,1
Heroic,1
Pilots,1
War,1
Penny,1
Michael,1
Tippett,1
Biography,1
Midwife,1
Campfire,1
Alasdair,1
Roberts,1
Avocet,1
West,1
Chance,1
Deptford,1
Feast,1
Gmt,1
Gin,1
Iwc,1
Jingles,1
Banana,1
Cabaret,1
Soirée,1
Gala,1
Français,1
Londres,1
La,1
Ferret,1
Capienne,1
Phonica,1
Records,1
Toby,1
Tobias,1
Barnabas,1
Massimo,1
Recalcati,1
Mother's,1
Hands,1
Desire,1
Fantasy,1
Inheritance,1
Maternal,1
Poetry,1
Havoc,1
Attachment,1
Narrative,1
Ant,1
Cabinet,1
Office,1
Relaunch,1
Unstitched,1
Julie,1
Polidoro,1
Sunny,1
Falls,1
Ying,1
Liang,1
Limited,1
Psychodynamic,1
Psychotherapy,1
Adolescents,1
Adults,1
Tapp,1
Desertfest,1
Soas,1
Samaïa,1
Antipsychiatry,1
Yesterday,1
Today,1
Tomorrow,1
Unsung,1
Heroines,1
Between',1
Lieke,1
Marsman,1
Sophie,1
Emily,1
Berry,1
Life's,1
Peach,1
Release,1
Listening,1
Nuel,1
Champs,1
Collar,1
Boxing,1
Bb,1
Hd,1
Anatomy,1
Drop,1
Casa,1
Voyager,1
Ocb,1
Kosh,1
Malik,1
Original,1
Roots,1
Ft,1
Luzmira,1
Zerpa,1
One,1
Access,1
Fri,1
Sun,1
Things,1
Nigeria,1
Speaker,1
John,1
Morales,1
Sagopa,1
Kajmer,1
Nt's,1
Diana,1
Ross,1
Supremes,1
Sustainable,1
Action,1
TRUE,1
Cost,1
Premier,1
League,1
Crystal,1
Palace,1
Cardiff,1
Coors,1
Strictly,1
Sauce,1
Rnb,1
Mega,1
Latin,1
Super,1
Funk,1
Ecstatic,1
Cacao,1
Journey,1
Soundcamp,1
Candlelight,1
Flat,1
Iron,1
Sq,1
Marshall,1
Paris,1
Sportive,1
Kisstory,1
Meridian,1
Grand's,1
Wedding,1
Throwback,1
Reggae,1
Overcoming,1
Loneliness,1
Shubamrita,1
Dónal,1
Lunny,1
Paddy,1
Glackin,1
Catch,1
Groove,1
Lifestyle,1
Carwash,1
Harry,1
Potter,1
Onur,1
Millennial,1
Bare,1
Wellness,1
Visa,1
Alumni,1
Force,1
Picnic,1
Cloudbusting,1
Bush,1
Buttoned,1
Down,1
Celutionsuk,1
Latino,1
Miami,1
Month,1
Shook,1
Rock,1
Roll,1
Cat,1
Extravaganza,1
Short,1
Ismail,1
Ahmed,1
Worldremit,1
Maskaradin,1
Troubadours,1
Nina,1
Scott,1
Jamboree,1
Quentin,1
Electric,1
Quartet,1
Orchestra,1
Greatest,1
Daft,1
Punk,1
Pour,1
Toast,1
Podcast,1
Cabin,1
French,1
Afrotrap,1
Old,1
Spice,1
Deluxe,1
Saga,1
Cameo,1
Passionate,1
Walking,1
Technique,1
Applebum,1
Mantras,1
Bhakti,1
Kirtan,1
Qawwali,1
More,1
Whine,1
Kotch,1
Collective,1
Prince,1
Breakdown,1
Trevor,1
Nelson's,1
Surat,1
Al,1
Waqi'ah,1
Polo,1
Beatles,1
Don,1
Rum,1
Roberto,1
Serralles,1
Moon,1
Taurus,1
Nowhere,1
Dryby,1
Nails,1
Britney,1
Tribute,1
Act,1
'negeri,1
Di,1
Bawah,1
Kabut',1
Delarue,1
Authentique,1
Epicerie,1
Salah,1
Mazi,1
Obs,1
Gynae,1
Sexual,1
Orthopaedics,1
Ent,1
Roles,1
Ll,1
Never,1
Play,1
Lgbtq,1
Lunch,1
Brass,1
Arctic,1
Monkeys,1
Frank,1
Let's,1
Haircare,1
Players,1
Charterhouse,1
Society,1
Lace,1
Sample,1
Back,1
Amy,1
Winehouse,1
Rcrd,1
Sundaze,1
Shakshuka,1
Carib,1
Bacchanal,1
Heatwave,1
Bbq,1
Tx,1
Fun,1
Superhero,1
Princess,1
Bohemian,1
Kundalini,1
Yoga,1
Gong,1
Juzz,1
'amma,1
Tafsir,1
Qur'an,1
Relaxation,1
Alive,1
Church,1
Cookout,1
Glsml,1
Silver,1
Umpire,1
Albanian,1
Deshira,1
Vegetarian,1
Femxle,1
Shirt,1
Jasper,1
Jones,1
Neuroart,1
Winter,1
Coming,1
Chingford,1
Fields,1
Forest,1
Railway,1
Sai,1
Tutors,1
English,1
Maths,1
Mock,1
Style,1
Paper,1
Protect,1
Survive,1
Stay,1
Sassy,1
Birdsong,1
Weekender,1
King's,1
Road,1
Street,1
Unhelpful,1
Habit,1
Judging,1
Jamie,1
Meili,1
Drum,1
Tower,1
Fan,1
Popo,1
Thin,1
Bay,1
Imagining,1
Evan,1
Yang,1
Shu,1
Join,1
Plogolution,1
Paddington,1
Basin,1
Mandolin,1
Vocal,1
Recital,1
Pointer,1
Gandharva,1
Veda,1
Sugato,1
Bhaduri,1
Leather,1
Limos,1
Lubrication,1
Bryony,1
Heren,1
Wolf,1
Carmen,1
Iftar,1
Carcanet,1
Poets,1
Sheri,1
Benning,1
Chris,1
Wallace,1
Crabbe,1
Reality,1
Wings,1
Banquet,1
Clutch,1
Mumshape,1
Fit,1
Choir,1
Term,1
Toastmasters,1
Learn,1
Deliver,1
Nigerian,1
Betty,1
Person,1
Acroyoga,1
Near,1
Angel,1
Station,1
Cargo,1
Terrace,1
Hol,1
Nava,1
'velvet,1
Chill',1
Faded,1
Panache,1
Aldersbrook,1
Riding,1
Promoters,1
Match,1
Sia,1
Security,1
Stratford,1
East,1
Over,1
Without,1
Exception,1
Bromley,1
Aid,1
Mr,1
Verdoux,1
Usa,1
Lewisham,1
College,1
Proverbs,1
Nicholas,1
Hilliard,1
Miniaturist,1
Goldsmith,1
Servant,1
Wandsworth,1
Universal,1
Credit,1
Quechua,1
Curso,1
Introductorio,1
Tracing,1
Ancestry,1
Windrush,1
Nhs,1
Infotainment,1
Transport,1
Environments,1
Korea,1
Enterprising,1
Water,1
Climas,1
Witchhunt,1
Portuguese,1
Riba,1
Architecture,1
Neighbourhood,1
Youth,1
Knife,1
Crime,1
Help,1
Prevent,1
Avoidable,1
Deaths,1
Lost,1
Suicide,1
Postgradusa,1
Parliamentary,1
Better,1